[
  {
    "Name": "PGR GLB/KR",
    "Key": "6B75726F6B75726F6B75726F6B75726F"
  },
  {
    "Name": "PGR CN/JP/TW",
    "Key": "7935585076714C4F72436F6B57524961"
  },
  {
    "Name": "Archeland/Kalpa of Universe",
    "Key": "426C61636B4A61636B50726F6A656374"
  },
  {
    "Name": "Archeland 1.1.14",
    "Key": "50726F6A65637441726368654C616E64"
  },
  {
    "Name": "Neural Cloud",
    "Key": "31636162383436663532393031633965"
  },
  {
    "Name": "Higan: Eruthyll",
    "Key": "45317832633361346C35693662377572"
  },
  {
    "Name": "White Chord",
    "Key": "79756C6F6E6731383638676E6F6C7579"
  },
  {
    "Name": "Mecharashi",
    "Key": "33384338334631333245374637413041"
  },
  {
    "Name": "Castlevania: Moon Night Fantasy",
    "Key": "31323334353637383132333435363738"
  },
  {
    "Name": "Huā Yì Shān Xīn Zhī Yuè",
    "Key": "494E484A6E68647970716B3534377864"
  },
  {
    "Name": "Doula Continent",
    "Key": "52346366773339474644326661785756"
  },
  {
    "Name": "Bless Global",
    "Key": "6C6F6E67747567616D652E796A66623F"
  },
  {
    "Name": "Starside",
    "Key": "41394A3542384D4A50554D3539464B57"
  },
  {
    "Name": "Resonance Soltice",
    "Key": "5265736F6E616E63655265626F726E52"
  },
  {
    "Name": "Oblivion Override",
    "Key": "7179666D6F6F6E323331323433343532"
  },
  {
    "Name": "Dawnlands",
    "Key": "636F6465737339353237636F64657373"
  },
  {
    "Name": "BB",
    "Key": "5F6C4E3F3A3F233F3F3F3F663F1A3F3F"
  },
  {
    "Name": "Dynasty Legends 2",
    "Key": "746169686567616D6573323032323032"
  },
  {
    "Name": "Evernight CN",
    "Key": "68687878747478736868787874747873"
  },
  {
    "Name": "Xintianlong Babu",
    "Key": "61323562623133346363326464333265"
  },
  {
    "Name": "Frostpunk: Beyond the Ice",
    "Key": "7368756978696E673838383838383838"
  }
]
